일시,모드,종목,판정,확신도,판정가,통화,메모,공개
2026-08-24 17:33,알고리즘,BTC,관망,65,77020,USD,,Y
2026-08-24 17:55,알고리즘,BTC,관망,70,77089.98,USD,,Y
2026-08-24 20:00,알고리즘,BTC,관망,70,77578.01,USD,,Y
2026-08-24 21:44,알고리즘,BTC,매수,55,78622.82,USD,,Y
2026-08-24 22:04,스캘핑,SK하이닉스,패스,75,1198.93,USD,,Y
2026-08-24 22:06,공격,SK하이닉스,롱,44,1199.54,USD,,Y
2026-08-24 22:34,스캘핑,BTC,롱,58,78691.1,USD,,Y
2026-08-24 22:36,공격,BTC,롱,46,78758.9,USD,,Y
2026-08-25 01:08,스캘핑,SK하이닉스,패스,62,1186.77,USD,,Y
2026-08-25 01:27,스캘핑,BTC,롱,56,79649.1,USD,,Y
2026-08-25 16:11,스캘핑,BTC,패스,85,80736.4,USD,,Y
2026-08-25 16:13,공격,BTC,숏,45,80701.2,USD,,Y
2026-08-25 18:59,스캘핑,BTC,롱,50,78985.3,USD,,Y
2026-08-28 00:16,스캘핑,BTC,패스,0,80610.5,USD,,Y
2026-08-28 00:39,스캘핑,BTC,롱,71,80439.9,USD,,Y
2026-08-28 00:57,알고리즘,XRP,관망,68,1.4694,USD,,Y
2026-08-28 01:01,알고리즘,SOL,관망,68,107.32,USD,,Y
2026-08-28 01:10,알고리즘,삼성전자,매수,65,266000,KRW,,Y
2026-08-29 22:45,알고리즘,SOL,관망,68,103.73,USD,,Y
2026-08-29 22:49,스캘핑,BTC,패스,82,77663.9,USD,,Y
2026-08-30 15:20,알고리즘,SOL,관망,65,104.99,USD,,Y
2026-08-30 15:23,스캘핑,SK하이닉스,패스,50,1235.94,USD,,Y
2026-08-31 00:19,알고리즘,BTC,관망,60,78644,USD,,Y
2026-09-01 01:23,알고리즘,SOL,관망,62,102.67,USD,,Y
